Campaign,Keyword,Match Type,Status
Apex | Burst | Brand | AU,booster,Phrase,Enabled
Apex | Burst | Brand | AU,boosters,Phrase,Enabled
Apex | Burst | Brand | AU,supplement,Phrase,Enabled
Apex | Burst | Brand | AU,supplements,Phrase,Enabled
Apex | Burst | Brand | AU,vitamin,Phrase,Enabled
Apex | Burst | Brand | AU,vitamins,Phrase,Enabled
Apex | Burst | Brand | AU,herbal,Phrase,Enabled
Apex | Burst | Brand | AU,natural remedy,Phrase,Enabled
Apex | Burst | Brand | AU,ashwagandha,Phrase,Enabled
Apex | Burst | Brand | AU,tribulus,Phrase,Enabled
Apex | Burst | Brand | AU,zinc,Phrase,Enabled
Apex | Burst | Brand | AU,gnc,Phrase,Enabled
Apex | Burst | Brand | AU,chemist warehouse,Phrase,Enabled
Apex | Burst | Brand | AU,amazon,Phrase,Enabled
Apex | Burst | Brand | AU,ebay,Phrase,Enabled
Apex | Burst | Brand | AU,woolworths,Phrase,Enabled
Apex | Burst | Brand | AU,coles,Phrase,Enabled
Apex | Burst | Brand | AU,steroid,Phrase,Enabled
Apex | Burst | Brand | AU,steroids,Phrase,Enabled
Apex | Burst | Brand | AU,anabolic,Phrase,Enabled
Apex | Burst | Brand | AU,black market,Phrase,Enabled
Apex | Burst | Brand | AU,underground,Phrase,Enabled
Apex | Burst | Brand | AU,raw powder,Phrase,Enabled
Apex | Burst | Brand | AU,research chemical,Phrase,Enabled
Apex | Burst | Brand | AU,grey market,Phrase,Enabled
Apex | Burst | Brand | AU,without prescription,Phrase,Enabled
Apex | Burst | Brand | AU,no prescription,Phrase,Enabled
Apex | Burst | Brand | AU,buy online no doctor,Phrase,Enabled
Apex | Burst | Brand | AU,free,Phrase,Enabled
Apex | Burst | Brand | AU,cheap,Phrase,Enabled
Apex | Burst | Brand | AU,cheapest,Phrase,Enabled
Apex | Burst | Brand | AU,bulk billed,Phrase,Enabled
Apex | Burst | Brand | AU,medicare covered,Phrase,Enabled
Apex | Burst | Brand | AU,discount code,Phrase,Enabled
Apex | Burst | Brand | AU,wikipedia,Phrase,Enabled
Apex | Burst | Brand | AU,reddit,Phrase,Enabled
Apex | Burst | Brand | AU,forum,Phrase,Enabled
Apex | Burst | Brand | AU,youtube,Phrase,Enabled
Apex | Burst | Brand | AU,symptoms of,Phrase,Enabled
Apex | Burst | Brand | AU,side effects,Phrase,Enabled
Apex | Burst | Brand | AU,how to increase naturally,Phrase,Enabled
Apex | Burst | Brand | AU,exercises,Phrase,Enabled
Apex | Burst | Brand | AU,foods that,Phrase,Enabled
Apex | Burst | Brand | AU,home remedy,Phrase,Enabled
Apex | Burst | Brand | AU,diy,Phrase,Enabled
Apex | Burst | Brand | AU,jobs,Phrase,Enabled
Apex | Burst | Brand | AU,job,Phrase,Enabled
Apex | Burst | Brand | AU,career,Phrase,Enabled
Apex | Burst | Brand | AU,careers,Phrase,Enabled
Apex | Burst | Brand | AU,salary,Phrase,Enabled
Apex | Burst | Brand | AU,course,Phrase,Enabled
Apex | Burst | Brand | AU,courses,Phrase,Enabled
Apex | Burst | Brand | AU,training course,Phrase,Enabled
Apex | Burst | Brand | AU,certification,Phrase,Enabled
Apex | Burst | Brand | AU,study,Phrase,Enabled
Apex | Burst | Brand | AU,student,Phrase,Enabled
Apex | Burst | Brand | AU,for women,Phrase,Enabled
Apex | Burst | Brand | AU,female,Phrase,Enabled
Apex | Burst | Brand | AU,ftm,Phrase,Enabled
Apex | Burst | Brand | AU,veterinary,Phrase,Enabled
Apex | Burst | Brand | AU,for dogs,Phrase,Enabled
Apex | Burst | Brand | AU,for cats,Phrase,Enabled
Apex | Burst | Brand | AU,bodybuilding cycle,Phrase,Enabled
Apex | Burst | Brand | AU,cycle dosage,Phrase,Enabled
Apex | Burst | Brand | AU,testosterone supplement for men,Phrase,Enabled
Apex | Burst | Brand | AU,how to get testosterone,Phrase,Enabled
Apex | Burst | Brand | AU,testosterone supplements,Phrase,Enabled
Apex | Burst | Brand | AU,testosterone foods,Phrase,Enabled
Apex | Burst | Brand | AU,testosterone booster,Phrase,Enabled
Apex | Burst | High Intent | AU,booster,Phrase,Enabled
Apex | Burst | High Intent | AU,boosters,Phrase,Enabled
Apex | Burst | High Intent | AU,supplement,Phrase,Enabled
Apex | Burst | High Intent | AU,supplements,Phrase,Enabled
Apex | Burst | High Intent | AU,vitamin,Phrase,Enabled
Apex | Burst | High Intent | AU,vitamins,Phrase,Enabled
Apex | Burst | High Intent | AU,herbal,Phrase,Enabled
Apex | Burst | High Intent | AU,natural remedy,Phrase,Enabled
Apex | Burst | High Intent | AU,ashwagandha,Phrase,Enabled
Apex | Burst | High Intent | AU,tribulus,Phrase,Enabled
Apex | Burst | High Intent | AU,zinc,Phrase,Enabled
Apex | Burst | High Intent | AU,gnc,Phrase,Enabled
Apex | Burst | High Intent | AU,chemist warehouse,Phrase,Enabled
Apex | Burst | High Intent | AU,amazon,Phrase,Enabled
Apex | Burst | High Intent | AU,ebay,Phrase,Enabled
Apex | Burst | High Intent | AU,woolworths,Phrase,Enabled
Apex | Burst | High Intent | AU,coles,Phrase,Enabled
Apex | Burst | High Intent | AU,steroid,Phrase,Enabled
Apex | Burst | High Intent | AU,steroids,Phrase,Enabled
Apex | Burst | High Intent | AU,anabolic,Phrase,Enabled
Apex | Burst | High Intent | AU,black market,Phrase,Enabled
Apex | Burst | High Intent | AU,underground,Phrase,Enabled
Apex | Burst | High Intent | AU,raw powder,Phrase,Enabled
Apex | Burst | High Intent | AU,research chemical,Phrase,Enabled
Apex | Burst | High Intent | AU,grey market,Phrase,Enabled
Apex | Burst | High Intent | AU,without prescription,Phrase,Enabled
Apex | Burst | High Intent | AU,no prescription,Phrase,Enabled
Apex | Burst | High Intent | AU,buy online no doctor,Phrase,Enabled
Apex | Burst | High Intent | AU,free,Phrase,Enabled
Apex | Burst | High Intent | AU,cheap,Phrase,Enabled
Apex | Burst | High Intent | AU,cheapest,Phrase,Enabled
Apex | Burst | High Intent | AU,bulk billed,Phrase,Enabled
Apex | Burst | High Intent | AU,medicare covered,Phrase,Enabled
Apex | Burst | High Intent | AU,discount code,Phrase,Enabled
Apex | Burst | High Intent | AU,what is,Phrase,Enabled
Apex | Burst | High Intent | AU,meaning,Phrase,Enabled
Apex | Burst | High Intent | AU,definition,Phrase,Enabled
Apex | Burst | High Intent | AU,wikipedia,Phrase,Enabled
Apex | Burst | High Intent | AU,reddit,Phrase,Enabled
Apex | Burst | High Intent | AU,forum,Phrase,Enabled
Apex | Burst | High Intent | AU,youtube,Phrase,Enabled
Apex | Burst | High Intent | AU,symptoms of,Phrase,Enabled
Apex | Burst | High Intent | AU,side effects,Phrase,Enabled
Apex | Burst | High Intent | AU,how to increase naturally,Phrase,Enabled
Apex | Burst | High Intent | AU,exercises,Phrase,Enabled
Apex | Burst | High Intent | AU,foods that,Phrase,Enabled
Apex | Burst | High Intent | AU,home remedy,Phrase,Enabled
Apex | Burst | High Intent | AU,diy,Phrase,Enabled
Apex | Burst | High Intent | AU,jobs,Phrase,Enabled
Apex | Burst | High Intent | AU,job,Phrase,Enabled
Apex | Burst | High Intent | AU,career,Phrase,Enabled
Apex | Burst | High Intent | AU,careers,Phrase,Enabled
Apex | Burst | High Intent | AU,salary,Phrase,Enabled
Apex | Burst | High Intent | AU,course,Phrase,Enabled
Apex | Burst | High Intent | AU,courses,Phrase,Enabled
Apex | Burst | High Intent | AU,training course,Phrase,Enabled
Apex | Burst | High Intent | AU,certification,Phrase,Enabled
Apex | Burst | High Intent | AU,study,Phrase,Enabled
Apex | Burst | High Intent | AU,student,Phrase,Enabled
Apex | Burst | High Intent | AU,for women,Phrase,Enabled
Apex | Burst | High Intent | AU,female,Phrase,Enabled
Apex | Burst | High Intent | AU,ftm,Phrase,Enabled
Apex | Burst | High Intent | AU,veterinary,Phrase,Enabled
Apex | Burst | High Intent | AU,for dogs,Phrase,Enabled
Apex | Burst | High Intent | AU,for cats,Phrase,Enabled
Apex | Burst | High Intent | AU,bodybuilding cycle,Phrase,Enabled
Apex | Burst | High Intent | AU,cycle dosage,Phrase,Enabled
Apex | Burst | High Intent | AU,testosterone supplement for men,Phrase,Enabled
Apex | Burst | High Intent | AU,how to get testosterone,Phrase,Enabled
Apex | Burst | High Intent | AU,testosterone supplements,Phrase,Enabled
Apex | Burst | High Intent | AU,testosterone foods,Phrase,Enabled
Apex | Burst | High Intent | AU,testosterone booster,Phrase,Enabled
Apex | Burst | Symptoms | AU,booster,Phrase,Enabled
Apex | Burst | Symptoms | AU,boosters,Phrase,Enabled
Apex | Burst | Symptoms | AU,supplement,Phrase,Enabled
Apex | Burst | Symptoms | AU,supplements,Phrase,Enabled
Apex | Burst | Symptoms | AU,vitamin,Phrase,Enabled
Apex | Burst | Symptoms | AU,vitamins,Phrase,Enabled
Apex | Burst | Symptoms | AU,herbal,Phrase,Enabled
Apex | Burst | Symptoms | AU,natural remedy,Phrase,Enabled
Apex | Burst | Symptoms | AU,ashwagandha,Phrase,Enabled
Apex | Burst | Symptoms | AU,tribulus,Phrase,Enabled
Apex | Burst | Symptoms | AU,zinc,Phrase,Enabled
Apex | Burst | Symptoms | AU,gnc,Phrase,Enabled
Apex | Burst | Symptoms | AU,chemist warehouse,Phrase,Enabled
Apex | Burst | Symptoms | AU,amazon,Phrase,Enabled
Apex | Burst | Symptoms | AU,ebay,Phrase,Enabled
Apex | Burst | Symptoms | AU,woolworths,Phrase,Enabled
Apex | Burst | Symptoms | AU,coles,Phrase,Enabled
Apex | Burst | Symptoms | AU,steroid,Phrase,Enabled
Apex | Burst | Symptoms | AU,steroids,Phrase,Enabled
Apex | Burst | Symptoms | AU,anabolic,Phrase,Enabled
Apex | Burst | Symptoms | AU,black market,Phrase,Enabled
Apex | Burst | Symptoms | AU,underground,Phrase,Enabled
Apex | Burst | Symptoms | AU,raw powder,Phrase,Enabled
Apex | Burst | Symptoms | AU,research chemical,Phrase,Enabled
Apex | Burst | Symptoms | AU,grey market,Phrase,Enabled
Apex | Burst | Symptoms | AU,without prescription,Phrase,Enabled
Apex | Burst | Symptoms | AU,no prescription,Phrase,Enabled
Apex | Burst | Symptoms | AU,buy online no doctor,Phrase,Enabled
Apex | Burst | Symptoms | AU,free,Phrase,Enabled
Apex | Burst | Symptoms | AU,cheap,Phrase,Enabled
Apex | Burst | Symptoms | AU,cheapest,Phrase,Enabled
Apex | Burst | Symptoms | AU,bulk billed,Phrase,Enabled
Apex | Burst | Symptoms | AU,medicare covered,Phrase,Enabled
Apex | Burst | Symptoms | AU,discount code,Phrase,Enabled
Apex | Burst | Symptoms | AU,what is,Phrase,Enabled
Apex | Burst | Symptoms | AU,meaning,Phrase,Enabled
Apex | Burst | Symptoms | AU,definition,Phrase,Enabled
Apex | Burst | Symptoms | AU,wikipedia,Phrase,Enabled
Apex | Burst | Symptoms | AU,reddit,Phrase,Enabled
Apex | Burst | Symptoms | AU,forum,Phrase,Enabled
Apex | Burst | Symptoms | AU,youtube,Phrase,Enabled
Apex | Burst | Symptoms | AU,symptoms of,Phrase,Enabled
Apex | Burst | Symptoms | AU,side effects,Phrase,Enabled
Apex | Burst | Symptoms | AU,how to increase naturally,Phrase,Enabled
Apex | Burst | Symptoms | AU,exercises,Phrase,Enabled
Apex | Burst | Symptoms | AU,foods that,Phrase,Enabled
Apex | Burst | Symptoms | AU,home remedy,Phrase,Enabled
Apex | Burst | Symptoms | AU,diy,Phrase,Enabled
Apex | Burst | Symptoms | AU,jobs,Phrase,Enabled
Apex | Burst | Symptoms | AU,job,Phrase,Enabled
Apex | Burst | Symptoms | AU,career,Phrase,Enabled
Apex | Burst | Symptoms | AU,careers,Phrase,Enabled
Apex | Burst | Symptoms | AU,salary,Phrase,Enabled
Apex | Burst | Symptoms | AU,course,Phrase,Enabled
Apex | Burst | Symptoms | AU,courses,Phrase,Enabled
Apex | Burst | Symptoms | AU,training course,Phrase,Enabled
Apex | Burst | Symptoms | AU,certification,Phrase,Enabled
Apex | Burst | Symptoms | AU,study,Phrase,Enabled
Apex | Burst | Symptoms | AU,student,Phrase,Enabled
Apex | Burst | Symptoms | AU,for women,Phrase,Enabled
Apex | Burst | Symptoms | AU,female,Phrase,Enabled
Apex | Burst | Symptoms | AU,ftm,Phrase,Enabled
Apex | Burst | Symptoms | AU,veterinary,Phrase,Enabled
Apex | Burst | Symptoms | AU,for dogs,Phrase,Enabled
Apex | Burst | Symptoms | AU,for cats,Phrase,Enabled
Apex | Burst | Symptoms | AU,bodybuilding cycle,Phrase,Enabled
Apex | Burst | Symptoms | AU,cycle dosage,Phrase,Enabled
Apex | Burst | Symptoms | AU,testosterone supplement for men,Phrase,Enabled
Apex | Burst | Symptoms | AU,how to get testosterone,Phrase,Enabled
Apex | Burst | Symptoms | AU,testosterone supplements,Phrase,Enabled
Apex | Burst | Symptoms | AU,testosterone foods,Phrase,Enabled
Apex | Burst | Symptoms | AU,testosterone booster,Phrase,Enabled
Apex | Burst | High Intent | AU,apex metabolic,Phrase,Enabled
Apex | Burst | High Intent | AU,apex metabolic health,Phrase,Enabled
Apex | Burst | High Intent | AU,apexmetabolichealth,Phrase,Enabled
Apex | Burst | Symptoms | AU,apex metabolic,Phrase,Enabled
Apex | Burst | Symptoms | AU,apex metabolic health,Phrase,Enabled
Apex | Burst | Symptoms | AU,apexmetabolichealth,Phrase,Enabled
